date,vcb_close,vnindex_close,exchange_rate,interest_rate,gdp,inflation,sp500_close,gdp_growth
2019-12-30,69.881,965.03,23167.0,1.3,2010887.0,1.4,3221.29,
2019-12-31,69.267,960.99,23155.0,1.43,2010887.0,1.4,3230.78,0.0
2020-01-02,69.728,966.67,23150.0,2.44,1188207.0,1.23,3257.85,-0.4091129934203165
2020-01-03,69.037,965.14,23157.0,1.99,1188207.0,1.23,3234.85,0.0
2020-01-06,67.194,955.79,23167.0,1.58,1188207.0,1.23,3246.28,0.0
2020-01-07,67.424,958.88,23174.0,1.31,1188207.0,1.23,3237.18,0.0
2020-01-08,66.81,948.98,23165.0,1.1,1188207.0,1.23,3253.05,0.0
2020-01-09,68.115,960.15,23173.0,0.93,1188207.0,1.23,3274.7,0.0
2020-01-10,68.73,968.54,23166.0,0.79,1188207.0,1.23,3265.35,0.0
2020-01-13,68.653,965.84,23162.0,0.75,1188207.0,1.23,3288.13,0.0
2020-01-14,68.653,967.0,23157.0,0.74,1188207.0,1.23,3283.15,0.0
2020-01-15,68.576,967.56,23158.0,0.71,1188207.0,1.23,3289.29,0.0
2020-01-16,68.73,974.31,23156.0,0.82,1188207.0,1.23,3316.81,0.0
2020-01-17,72.569,978.96,23157.0,2.58,1188207.0,1.23,3329.62,0.0
2020-01-20,72.185,978.63,23155.0,2.89,1188207.0,1.23,3965.03,0.0
2020-01-21,72.185,986.37,23158.0,3.16,1188207.0,1.23,3320.79,0.0
2020-01-22,71.724,991.46,23170.0,3.15,1188207.0,1.23,3321.75,0.0
2020-01-30,68.269,959.58,23185.0,2.85,1188207.0,1.23,3283.66,0.0
2020-01-31,68.115,936.62,23196.0,3.08,1188207.0,1.23,3225.52,0.0
2020-02-03,68.115,928.14,23201.0,3.15,1188207.0,-0.17,3248.92,0.0
2020-02-04,68.96,929.09,23206.0,3.1,1188207.0,-0.17,3297.59,0.0
2020-02-05,68.269,925.91,23196.0,2.81,1188207.0,-0.17,3334.69,0.0
2020-02-06,68.653,938.54,23201.0,2.6,1188207.0,-0.17,3345.78,0.0
2020-02-07,69.114,940.75,23201.0,2.33,1188207.0,-0.17,3327.71,0.0
2020-02-10,68.269,930.73,23211.0,2.25,1188207.0,-0.17,3352.09,0.0
2020-02-11,68.499,934.67,23217.0,2.29,1188207.0,-0.17,3357.75,0.0
2020-02-12,68.653,937.68,23208.0,2.21,1188207.0,-0.17,3379.45,0.0
2020-02-13,68.576,938.24,23206.0,2.05,1188207.0,-0.17,3373.94,0.0
2020-02-14,68.576,937.45,23215.0,2.0,1188207.0,-0.17,3380.16,0.0
2020-02-17,68.653,934.77,23218.0,1.91,1188207.0,-0.17,3880.32,0.0
2020-02-18,68.653,927.93,23214.0,1.88,1188207.0,-0.17,3370.29,0.0
2020-02-19,68.73,928.76,23228.0,1.9,1188207.0,-0.17,3386.15,0.0
2020-02-20,68.73,938.13,23234.0,2.07,1188207.0,-0.17,3373.23,0.0
2020-02-21,68.346,933.09,23239.0,2.09,1188207.0,-0.17,3337.75,0.0
2020-02-24,66.963,903.34,23243.0,2.21,1188207.0,-0.17,3225.89,0.0
2020-02-25,66.195,909.67,23245.0,2.51,1188207.0,-0.17,3128.21,0.0
2020-02-26,65.274,895.97,23239.0,2.39,1188207.0,-0.17,3116.39,0.0
2020-02-27,64.506,898.44,23234.0,2.1,1188207.0,-0.17,2978.76,0.0
2020-02-28,63.277,882.19,23224.0,2.02,1188207.0,-0.17,2954.22,0.0
2020-03-02,62.817,884.43,23219.0,2.05,1188207.0,-0.72,3090.23,0.0
2020-03-03,63.124,890.61,23209.0,2.03,1188207.0,-0.72,3003.37,0.0
2020-03-04,62.74,889.37,23204.0,1.99,1188207.0,-0.72,3130.12,0.0
2020-03-05,63.815,893.31,23203.0,1.96,1188207.0,-0.72,3023.94,0.0
2020-03-06,64.89,891.44,23197.0,2.01,1188207.0,-0.72,2972.37,0.0
2020-03-09,60.359,835.49,23195.0,2.22,1188207.0,-0.72,2746.56,0.0
2020-03-10,61.357,837.5,23190.0,2.37,1188207.0,-0.72,2882.23,0.0
2020-03-11,59.13,811.35,23198.0,2.44,1188207.0,-0.72,2741.38,0.0
2020-03-12,55.06,769.25,23197.0,2.48,1188207.0,-0.72,2480.64,0.0
2020-03-13,54.523,761.78,23212.0,2.33,1188207.0,-0.72,2711.02,0.0
2020-03-16,51.528,747.86,23222.0,2.24,1188207.0,-0.72,2386.13,0.0
2020-03-17,51.835,745.78,23227.0,2.11,1188207.0,-0.72,2529.19,0.0
2020-03-18,53.217,747.66,23232.0,2.02,1188207.0,-0.72,2398.1,0.0
2020-03-19,50.683,725.94,23242.0,1.95,1188207.0,-0.72,2409.39,0.0
2020-03-20,47.228,709.73,23252.0,1.86,1188207.0,-0.72,2304.92,0.0
2020-03-23,43.925,666.59,23259.0,1.89,1188207.0,-0.72,2237.4,0.0
2020-03-24,44.54,659.21,23260.0,1.87,1188207.0,-0.72,2447.33,0.0
2020-03-25,47.612,690.25,23250.0,1.86,1188207.0,-0.72,2475.56,0.0
2020-03-26,48.533,694.21,23245.0,1.9,1188207.0,-0.72,2630.07,0.0
2020-03-27,49.224,696.06,23235.0,2.07,1188207.0,-0.72,2541.47,0.0
2020-03-30,46.844,662.26,23230.0,2.19,1188207.0,-0.72,2626.65,0.0
2020-03-31,47.612,662.53,23235.0,2.44,1188207.0,-0.72,2584.59,0.0
2020-04-01,49.915,680.23,23232.0,3.27,1382995.0,-1.54,2470.5,0.1639343986359279
2020-04-03,50.299,701.8,23239.0,3.53,1382995.0,-1.54,2488.65,0.0
2020-04-06,52.219,736.75,23234.0,3.56,1382995.0,-1.54,2663.68,0.0
2020-04-07,52.373,746.69,23230.0,3.2,1382995.0,-1.54,2659.41,0.0
2020-04-08,51.835,748.02,23225.0,2.7,1382995.0,-1.54,2749.98,0.0
2020-04-09,54.523,760.33,23235.0,2.33,1382995.0,-1.54,2789.82,0.0
2020-04-10,54.216,757.94,23221.0,1.93,1382995.0,-1.54,3849.62,0.0
2020-04-13,54.369,765.79,23216.0,1.74,1382995.0,-1.54,2761.63,0.0
2020-04-14,53.678,767.41,23223.0,1.7,1382995.0,-1.54,2846.06,0.0
2020-04-15,54.446,777.22,23227.0,1.77,1382995.0,-1.54,2783.36,0.0
2020-04-16,54.676,780.7,23236.0,1.63,1382995.0,-1.54,2799.55,0.0
2020-04-17,54.83,789.6,23241.0,1.59,1382995.0,-1.54,2874.56,0.0
2020-04-20,55.214,794.97,23238.0,1.75,1382995.0,-1.54,2823.16,0.0
2020-04-21,54.907,766.84,23246.0,2.49,1382995.0,-1.54,2736.56,0.0
2020-04-22,53.217,768.92,23256.0,2.55,1382995.0,-1.54,2799.31,0.0
2020-04-23,53.141,773.91,23261.0,2.29,1382995.0,-1.54,2797.8,0.0
2020-04-24,52.91,776.66,23272.0,2.04,1382995.0,-1.54,2836.74,0.0
2020-04-27,51.298,770.77,23272.0,1.92,1382995.0,-1.54,2878.48,0.0
2020-04-28,51.451,767.21,23262.0,1.94,1382995.0,-1.54,2863.39,0.0
2020-04-29,52.219,769.11,23257.0,2.11,1382995.0,-1.54,2939.51,0.0
2020-05-04,51.758,762.47,23247.0,2.0,1382995.0,-0.03,2842.74,0.0
2020-05-05,51.298,764.16,23262.0,2.24,1382995.0,-0.03,2868.44,0.0
2020-05-06,51.912,782.59,23254.0,2.13,1382995.0,-0.03,2848.42,0.0
2020-05-07,53.525,796.54,23265.0,1.97,1382995.0,-0.03,2881.19,0.0
2020-05-08,56.443,813.73,23262.0,1.75,1382995.0,-0.03,2929.8,0.0
2020-05-11,57.211,828.33,23252.0,1.6,1382995.0,-0.03,2930.32,0.0
2020-05-12,58.055,835.32,23245.0,1.52,1382995.0,-0.03,2870.12,0.0
2020-05-13,58.055,834.21,23244.0,1.38,1382995.0,-0.03,2820.0,0.0
2020-05-14,58.363,832.4,23253.0,1.26,1382995.0,-0.03,2852.5,0.0
2020-05-15,58.363,827.03,23263.0,1.19,1382995.0,-0.03,2863.7,0.0
2020-05-18,60.282,837.01,23265.0,1.02,1382995.0,-0.03,2953.91,0.0
2020-05-19,60.666,845.92,23259.0,0.88,1382995.0,-0.03,2922.94,0.0
2020-05-20,61.127,852.91,23249.0,0.6,1382995.0,-0.03,2971.61,0.0
2020-05-21,62.356,862.73,23247.0,0.47,1382995.0,-0.03,2948.51,0.0
2020-05-22,62.202,852.74,23242.0,0.41,1382995.0,-0.03,2955.45,0.0
2020-05-25,62.279,859.04,23257.0,0.47,1382995.0,-0.03,3896.4,0.0
2020-05-26,63.354,869.13,23270.0,0.4,1382995.0,-0.03,2991.77,0.0
2020-05-27,63.661,857.48,23260.0,0.33,1382995.0,-0.03,3036.13,0.0
2020-05-28,64.89,861.39,23271.0,0.28,1382995.0,-0.03,3029.73,0.0
2020-05-29,65.427,864.47,23261.0,0.3,1382995.0,-0.03,3044.31,0.0
2020-06-01,66.426,878.67,23256.0,0.46,1382995.0,0.66,3055.73,0.0
2020-06-02,66.503,874.8,23251.0,0.38,1382995.0,0.66,3080.82,0.0
2020-06-03,67.501,881.17,23246.0,0.33,1382995.0,0.66,3122.87,0.0
2020-06-04,68.346,883.9,23244.0,0.27,1382995.0,0.66,3112.35,0.0
2020-06-05,68.346,886.22,23245.0,0.25,1382995.0,0.66,3193.93,0.0
2020-06-08,68.653,899.92,23240.0,0.23,1382995.0,0.66,3232.39,0.0
2020-06-09,68.73,899.43,23232.0,0.2,1382995.0,0.66,3207.18,0.0
2020-06-10,68.806,900.0,23222.0,0.18,1382995.0,0.66,3190.14,0.0
2020-06-11,67.578,867.37,23212.0,0.16,1382995.0,0.66,3002.1,0.0
2020-06-12,65.735,863.52,23222.0,0.18,1382995.0,0.66,3041.31,0.0
2020-06-15,62.97,832.47,23239.0,0.17,1382995.0,0.66,3066.59,0.0
2020-06-16,64.276,856.13,23249.0,0.17,1382995.0,0.66,3124.74,0.0
2020-06-17,64.66,854.44,23240.0,0.17,1382995.0,0.66,3113.49,0.0
2020-06-18,65.274,855.27,23239.0,0.15,1382995.0,0.66,3115.34,0.0
2020-06-19,65.581,868.56,23234.0,0.13,1382995.0,0.66,3097.74,0.0
2020-06-22,65.658,871.28,23241.0,0.14,1382995.0,0.66,3117.86,0.0
2020-06-23,66.042,868.2,23241.0,0.15,1382995.0,0.66,3131.29,0.0
2020-06-24,65.043,859.71,23228.0,0.15,1382995.0,0.66,3050.33,0.0
2020-06-25,64.276,854.59,23230.0,0.13,1382995.0,0.66,3083.76,0.0
2020-06-26,63.968,851.98,23232.0,0.13,1382995.0,0.66,3009.05,0.0
2020-06-29,62.586,829.36,23229.0,0.12,1382995.0,0.66,3053.24,0.0
2020-06-30,61.665,825.11,23229.0,0.15,1382995.0,0.66,3100.29,0.0
2020-07-01,63.508,843.49,23235.0,0.13,1593586.0,0.4,3115.86,0.1522717001869132
2020-07-02,63.431,842.38,23225.0,0.12,1593586.0,0.4,3130.01,0.0
2020-07-03,63.738,847.61,23230.0,0.12,1593586.0,0.4,3772.49,0.0
2020-07-06,63.661,861.16,23227.0,0.13,1593586.0,0.4,3179.72,0.0
2020-07-07,64.045,863.42,23222.0,0.13,1593586.0,0.4,3145.32,0.0
2020-07-08,63.738,864.5,23218.0,0.13,1593586.0,0.4,3169.94,0.0
2020-07-09,64.199,876.46,23221.0,0.14,1593586.0,0.4,3152.05,0.0
2020-07-10,63.508,871.21,23216.0,0.15,1593586.0,0.4,3185.04,0.0
2020-07-13,63.661,868.72,23220.0,0.15,1593586.0,0.4,3155.22,0.0
2020-07-14,63.738,868.11,23216.0,0.14,1593586.0,0.4,3197.52,0.0
2020-07-15,64.122,869.91,23226.0,0.14,1593586.0,0.4,3226.56,0.0
2020-07-16,64.122,876.83,23221.0,0.13,1593586.0,0.4,3215.57,0.0
2020-07-17,63.584,872.02,23235.0,0.14,1593586.0,0.4,3224.73,0.0
2020-07-20,63.124,861.4,23234.0,0.15,1593586.0,0.4,3251.84,0.0
2020-07-21,63.354,861.69,23231.0,0.15,1593586.0,0.4,3257.3,0.0
2020-07-22,63.354,855.08,23221.0,0.15,1593586.0,0.4,3276.02,0.0
2020-07-23,63.354,856.75,23220.0,0.14,1593586.0,0.4,3235.66,0.0
2020-07-24,62.202,829.16,23221.0,0.15,1593586.0,0.4,3215.63,0.0
2020-07-27,59.13,785.17,23216.0,0.19,1593586.0,0.4,3239.41,0.0
2020-07-28,60.282,813.36,23211.0,0.24,1593586.0,0.4,3218.44,0.0
2020-07-29,59.514,790.84,23216.0,0.24,1593586.0,0.4,3258.44,0.0
2020-07-30,59.438,801.13,23212.0,0.2,1593586.0,0.4,3246.22,0.0
2020-07-31,58.67,798.39,23213.0,0.21,1593586.0,0.4,3271.12,0.0
2020-08-03,60.513,814.65,23207.0,0.25,1593586.0,0.07,3294.61,0.0
2020-08-04,62.893,827.57,23214.0,0.25,1593586.0,0.07,3306.51,0.0
2020-08-05,63.508,837.8,23208.0,0.25,1593586.0,0.07,3327.77,0.0
2020-08-06,63.584,840.04,23203.0,0.24,1593586.0,0.07,3349.16,0.0
2020-08-07,63.661,841.46,23200.0,0.22,1593586.0,0.07,3351.28,0.0
2020-08-10,62.893,843.2,23215.0,0.22,1593586.0,0.07,3360.47,0.0
2020-08-11,63.047,843.08,23217.0,0.21,1593586.0,0.07,3333.69,0.0
2020-08-12,63.047,846.92,23217.0,0.19,1593586.0,0.07,3380.35,0.0
2020-08-13,63.738,855.05,23215.0,0.18,1593586.0,0.07,3373.43,0.0
2020-08-14,62.97,850.74,23212.0,0.18,1593586.0,0.07,3372.85,0.0
2020-08-17,63.2,850.15,23214.0,0.19,1593586.0,0.07,3381.99,0.0
2020-08-18,63.2,846.43,23209.0,0.2,1593586.0,0.07,3389.78,0.0
2020-08-19,63.738,851.21,23204.0,0.2,1593586.0,0.07,3374.85,0.0
2020-08-20,63.738,848.21,23200.0,0.19,1593586.0,0.07,3385.51,0.0
2020-08-21,63.661,854.78,23210.0,0.19,1593586.0,0.07,3397.16,0.0
2020-08-24,64.429,868.68,23212.0,0.19,1593586.0,0.07,3431.28,0.0
2020-08-25,64.429,874.12,23211.0,0.19,1593586.0,0.07,3443.62,0.0
2020-08-26,64.122,873.47,23213.0,0.19,1593586.0,0.07,3478.73,0.0
2020-08-27,64.122,874.71,23208.0,0.19,1593586.0,0.07,3484.55,0.0
2020-08-28,64.045,878.98,23205.0,0.18,1593586.0,0.07,3508.01,0.0
2020-08-31,63.738,881.65,23200.0,0.16,1593586.0,0.07,3500.31,0.0
2020-09-01,63.738,891.73,23195.0,0.16,1593586.0,0.12,3526.65,0.0
2020-09-03,66.195,903.97,23203.0,0.16,1593586.0,0.12,3455.06,0.0
2020-09-04,65.197,901.54,23206.0,0.16,1593586.0,0.12,3426.96,0.0
2020-09-07,64.199,888.25,23207.0,0.15,1593586.0,0.12,3962.43,0.0
2020-09-08,63.354,890.14,23205.0,0.15,1593586.0,0.12,3331.84,0.0
2020-09-09,63.124,889.32,23203.0,0.15,1593586.0,0.12,3398.96,0.0
2020-09-10,63.047,888.82,23211.0,0.15,1593586.0,0.12,3339.19,0.0
2020-09-11,63.2,888.97,23206.0,0.14,1593586.0,0.12,3340.97,0.0
2020-09-14,63.738,894.57,23208.0,0.14,1593586.0,0.12,3383.54,0.0
2020-09-15,63.354,896.26,23203.0,0.14,1593586.0,0.12,3401.2,0.0
2020-09-16,63.661,897.47,23198.0,0.13,1593586.0,0.12,3385.49,0.0
2020-09-17,63.354,894.04,23193.0,0.11,1593586.0,0.12,3357.01,0.0
2020-09-18,63.661,900.95,23196.0,0.11,1593586.0,0.12,3319.47,0.0
2020-09-21,63.738,907.94,23191.0,0.11,1593586.0,0.12,3281.06,0.0
2020-09-22,64.506,906.19,23200.0,0.11,1593586.0,0.12,3315.57,0.0
2020-09-23,65.581,912.5,23213.0,0.1,1593586.0,0.12,3236.92,0.0
2020-09-24,66.119,908.58,23218.0,0.11,1593586.0,0.12,3246.59,0.0
2020-09-25,66.042,908.27,23223.0,0.11,1593586.0,0.12,3298.46,0.0
2020-09-28,66.042,912.5,23226.0,0.11,1593586.0,0.12,3351.6,0.0
2020-09-29,64.967,903.98,23220.0,0.11,1593586.0,0.12,3335.47,0.0
2020-09-30,64.583,905.21,23215.0,0.13,1593586.0,0.12,3363.0,0.0
2020-10-01,65.12,914.09,23213.0,0.11,2121415.0,0.09,3380.8,0.3312209068101753
2020-10-02,64.506,909.91,23214.0,0.11,2121415.0,0.09,3348.44,0.0
2020-10-05,64.122,914.68,23212.0,0.11,2121415.0,0.09,3408.63,0.0
2020-10-06,64.429,915.67,23208.0,0.1,2121415.0,0.09,3360.95,0.0
2020-10-07,65.274,919.72,23205.0,0.1,2121415.0,0.09,3419.45,0.0
2020-10-08,65.12,918.84,23203.0,0.1,2121415.0,0.09,3446.83,0.0
2020-10-09,65.12,924.0,23198.0,0.1,2121415.0,0.09,3477.13,0.0
2020-10-12,65.965,925.83,23193.0,0.1,2121415.0,0.09,3534.22,0.0
2020-10-13,66.426,929.86,23195.0,0.1,2121415.0,0.09,3511.93,0.0
2020-10-14,67.731,940.18,23197.0,0.1,2121415.0,0.09,3488.67,0.0
2020-10-15,68.038,942.76,23192.0,0.1,2121415.0,0.09,3483.34,0.0
2020-10-16,67.731,943.3,23201.0,0.1,2121415.0,0.09,3483.81,0.0
2020-10-19,67.194,943.69,23196.0,0.1,2121415.0,0.09,3426.92,0.0
2020-10-20,67.347,944.42,23191.0,0.11,2121415.0,0.09,3443.12,0.0
2020-10-21,66.195,939.03,23185.0,0.1,2121415.0,0.09,3435.56,0.0
2020-10-22,66.503,949.9,23180.0,0.1,2121415.0,0.09,3453.49,0.0
2020-10-23,67.194,961.26,23185.0,0.1,2121415.0,0.09,3465.39,0.0
2020-10-26,66.042,950.8,23182.0,0.11,2121415.0,0.09,3400.97,0.0
2020-10-27,66.042,946.47,23187.0,0.1,2121415.0,0.09,3390.68,0.0
2020-10-28,64.66,921.05,23190.0,0.1,2121415.0,0.09,3271.03,0.0
2020-10-29,64.199,919.08,23198.0,0.1,2121415.0,0.09,3310.11,0.0
2020-10-30,63.738,925.47,23201.0,0.11,2121415.0,0.09,3269.96,0.0
2020-11-02,65.888,933.68,23201.0,0.1,2121415.0,-0.01,3310.24,0.0
2020-11-03,65.274,935.41,23198.0,0.1,2121415.0,-0.01,3369.16,0.0
2020-11-04,65.274,939.76,23190.0,0.11,2121415.0,-0.01,3443.44,0.0
2020-11-05,65.274,937.75,23200.0,0.12,2121415.0,-0.01,3510.45,0.0
2020-11-06,65.274,938.29,23185.0,0.12,2121415.0,-0.01,3509.44,0.0
2020-11-09,65.658,951.99,23180.0,0.11,2121415.0,-0.01,3550.5,0.0
2020-11-10,65.351,951.9,23182.0,0.11,2121415.0,-0.01,3545.53,0.0
2020-11-11,65.197,952.22,23187.0,0.11,2121415.0,-0.01,3572.66,0.0
2020-11-12,66.349,959.28,23187.0,0.11,2121415.0,-0.01,3537.01,0.0
2020-11-13,66.733,966.29,23192.0,0.11,2121415.0,-0.01,3585.15,0.0
2020-11-16,65.888,950.79,23184.0,0.11,2121415.0,-0.01,3626.91,0.0
2020-11-17,67.27,968.9,23174.0,0.11,2121415.0,-0.01,3609.53,0.0
2020-11-18,67.27,973.53,23164.0,0.11,2121415.0,-0.01,3567.79,0.0
2020-11-19,69.267,983.26,23179.0,0.11,2121415.0,-0.01,3581.87,0.0
2020-11-20,71.033,990.0,23338.93,0.11,2121415.0,-0.01,3557.54,0.0
2020-11-23,70.342,994.19,23175.0,0.11,2121415.0,-0.01,3577.59,0.0
2020-11-24,70.957,995.76,23168.0,0.1,2121415.0,-0.01,3635.41,0.0
2020-11-25,71.801,999.94,23165.0,0.1,2121415.0,-0.01,3629.65,0.0
2020-11-26,72.185,1005.97,23164.0,0.11,2121415.0,-0.01,4105.84,0.0
2020-11-27,72.569,1010.22,23162.0,0.1,2121415.0,-0.01,3638.35,0.0
2020-11-30,71.417,1003.08,23155.0,0.1,2121415.0,-0.01,3621.63,0.0
2020-12-01,70.649,1008.87,23152.0,0.1,2121415.0,0.1,3662.45,0.0
2020-12-02,71.801,1014.32,23152.0,0.1,2121415.0,0.1,3669.01,0.0
2020-12-03,71.801,1019.8,23147.0,0.11,2121415.0,0.1,3666.72,0.0
2020-12-04,69.958,1021.49,23142.0,0.11,2121415.0,0.1,3699.12,0.0
2020-12-07,71.494,1029.98,23137.0,0.11,2121415.0,0.1,3691.96,0.0
2020-12-08,71.494,1029.26,23347.64,0.11,2121415.0,0.1,3702.25,0.0
2020-12-09,74.105,1039.13,23140.0,0.11,2121415.0,0.1,3672.82,0.0
2020-12-10,74.643,1030.91,23146.0,0.1,2121415.0,0.1,3668.1,0.0
2020-12-11,74.643,1045.96,23146.0,0.11,2121415.0,0.1,3663.46,0.0
2020-12-14,76.716,1064.09,23143.0,0.11,2121415.0,0.1,3647.49,0.0
2020-12-15,75.103,1055.27,23144.0,0.1,2121415.0,0.1,3694.62,0.0
2020-12-16,76.716,1066.99,23148.0,0.1,2121415.0,0.1,3701.17,0.0
2020-12-17,73.721,1051.77,23143.0,0.1,2121415.0,0.1,3722.48,0.0
2020-12-18,75.948,1067.46,23138.0,0.11,2121415.0,0.1,3709.41,0.0
2020-12-21,76.567,1081.08,23149.0,0.11,2121415.0,0.1,3694.92,0.0
2020-12-22,75.793,1083.45,23154.0,0.11,2121415.0,0.1,3687.26,0.0
2020-12-23,75.484,1078.9,23167.0,0.11,2121415.0,0.1,3690.01,0.0
2020-12-24,75.329,1067.52,23162.0,0.11,2121415.0,0.1,3703.06,0.0
2020-12-25,75.561,1084.42,23152.0,0.12,2121415.0,0.1,4153.23,0.0
2020-12-28,75.871,1091.33,23149.0,0.12,2121415.0,0.1,3735.36,0.0
2020-12-29,76.8,1099.49,23148.0,0.13,2121415.0,0.1,3727.04,0.0
2020-12-30,75.793,1097.54,23141.0,0.13,2121415.0,0.1,3732.04,0.0
2020-12-31,75.793,1103.87,23131.0,0.15,2121415.0,0.1,3756.07,0.0
2021-01-04,76.645,1120.47,23131.0,0.15,1915368.0,0.06,3700.65,-0.09712715333869139
2021-01-05,76.877,1132.55,23121.0,0.13,1915368.0,0.06,3726.86,0.0
2021-01-06,81.29,1143.21,23123.0,0.11,1915368.0,0.06,3748.14,0.0
2021-01-07,82.838,1156.49,23117.0,0.11,1915368.0,0.06,3803.79,0.0
2021-01-08,81.135,1167.69,23121.0,0.11,1915368.0,0.06,3824.68,0.0
2021-01-11,80.903,1184.89,23127.0,0.11,1915368.0,0.06,3799.61,0.0
2021-01-12,81.755,1192.28,23140.0,0.1,1915368.0,0.06,3801.19,0.0
2021-01-13,81.135,1186.05,23134.0,0.1,1915368.0,0.06,3809.84,0.0
2021-01-14,80.438,1187.4,23132.0,0.1,1915368.0,0.06,3795.54,0.0
2021-01-15,79.896,1194.2,23136.0,0.11,1915368.0,0.06,3768.25,0.0
2021-01-18,79.974,1191.94,23141.0,0.11,1915368.0,0.06,3853.86,0.0
2021-01-19,76.645,1131.0,23152.0,0.1,1915368.0,0.06,3798.91,0.0
2021-01-20,76.722,1134.68,23148.0,0.1,1915368.0,0.06,3851.85,0.0
2021-01-21,79.742,1164.21,23144.0,0.1,1915368.0,0.06,3853.07,0.0
2021-01-22,79.742,1166.78,23137.0,0.1,1915368.0,0.06,3841.47,0.0
2021-01-25,79.355,1166.05,23147.0,0.1,1915368.0,0.06,3855.36,0.0
2021-01-26,78.116,1136.12,23142.0,0.11,1915368.0,0.06,3849.62,0.0
2021-01-27,75.406,1097.17,23144.0,0.11,1915368.0,0.06,3750.77,0.0
2021-01-28,70.142,1023.94,23147.0,0.14,1915368.0,0.06,3787.38,0.0
2021-01-29,72.0,1056.61,23160.0,0.33,1915368.0,0.06,3714.24,0.0
2021-02-01,70.529,1035.51,23151.0,0.6,1915368.0,1.52,3773.86,0.0
2021-02-02,74.709,1075.53,23152.0,1.68,1915368.0,1.52,3826.31,0.0
2021-02-03,76.567,1111.29,23145.0,2.52,1915368.0,1.52,3830.17,0.0
2021-02-04,76.567,1112.19,23144.0,2.08,1915368.0,1.52,3871.74,0.0
2021-02-05,77.419,1126.91,23154.0,2.09,1915368.0,1.52,3886.83,0.0
2021-02-08,72.851,1083.18,23149.0,2.86,1915368.0,1.52,3915.59,0.0
2021-02-09,75.251,1114.93,23137.0,2.3,1915368.0,1.52,3911.23,0.0
2021-02-17,77.419,1155.78,23122.0,2.11,1915368.0,1.52,3931.33,0.0
2021-02-18,78.967,1174.38,23132.0,1.34,1915368.0,1.52,3913.97,0.0
2021-02-19,78.425,1173.5,23134.0,0.66,1915368.0,1.52,3906.71,0.0
2021-02-22,77.884,1175.04,23125.0,0.42,1915368.0,1.52,3876.5,0.0
2021-02-23,77.419,1177.64,23140.0,0.37,1915368.0,1.52,3881.37,0.0
2021-02-24,75.948,1162.01,23132.0,0.33,1915368.0,1.52,3925.43,0.0
2021-02-25,76.025,1165.43,23130.0,0.29,1915368.0,1.52,3829.34,0.0
2021-02-26,76.025,1168.47,23130.0,0.34,1915368.0,1.52,3811.15,0.0
2021-03-01,76.8,1186.17,23145.0,0.4,1915368.0,-0.27,3901.82,0.0
2021-03-02,76.877,1186.61,23151.0,0.35,1915368.0,-0.27,3870.29,0.0
2021-03-03,76.18,1186.95,23161.0,0.31,1915368.0,-0.27,3819.72,0.0
2021-03-04,75.329,1168.52,23152.0,0.29,1915368.0,-0.27,3768.47,0.0
2021-03-05,74.632,1168.69,23166.0,0.28,1915368.0,-0.27,3841.94,0.0
2021-03-08,73.703,1168.27,23185.0,0.29,1915368.0,-0.27,3821.35,0.0
2021-03-09,73.548,1161.97,23200.0,0.29,1915368.0,-0.27,3875.44,0.0
2021-03-10,73.935,1170.08,23203.0,0.29,1915368.0,-0.27,3898.81,0.0
2021-03-11,74.555,1181.73,23204.0,0.28,1915368.0,-0.27,3939.34,0.0
2021-03-12,74.167,1181.56,23183.0,0.28,1915368.0,-0.27,3943.34,0.0
2021-03-15,74.555,1184.56,23200.0,0.29,1915368.0,-0.27,3968.94,0.0
2021-03-16,74.09,1179.9,23204.0,0.28,1915368.0,-0.27,3962.71,0.0
2021-03-17,74.013,1186.09,23204.0,0.28,1915368.0,-0.27,3974.12,0.0
2021-03-18,75.484,1200.94,23199.0,0.27,1915368.0,-0.27,3915.46,0.0
2021-03-19,72.929,1194.05,23194.0,0.26,1915368.0,-0.27,3913.1,0.0
2021-03-22,75.096,1194.43,23204.0,0.27,1915368.0,-0.27,3940.59,0.0
2021-03-23,74.167,1183.45,23197.0,0.26,1915368.0,-0.27,3910.52,0.0
2021-03-24,73.316,1161.81,23206.0,0.26,1915368.0,-0.27,3889.14,0.0
2021-03-25,73.626,1163.1,23218.0,0.25,1915368.0,-0.27,3909.52,0.0
2021-03-26,73.471,1162.21,23230.0,0.26,1915368.0,-0.27,3974.54,0.0
2021-03-29,73.78,1175.68,23231.0,0.37,1915368.0,-0.27,3971.09,0.0
2021-03-30,73.393,1186.36,23237.0,0.24,1915368.0,-0.27,3958.55,0.0
2021-03-31,73.393,1191.44,23244.0,0.26,1915368.0,-0.27,3972.89,0.0
2021-04-01,75.019,1216.1,23242.0,0.25,2050431.0,-0.04,4019.87,0.07051543097723258
2021-04-02,75.716,1224.45,23241.0,0.26,2050431.0,-0.04,3751.41,0.0
2021-04-05,78.967,1236.05,23236.0,0.25,2050431.0,-0.04,4077.91,0.0
2021-04-06,78.89,1239.96,23237.0,0.29,2050431.0,-0.04,4073.94,0.0
2021-04-07,78.89,1242.38,23229.0,0.29,2050431.0,-0.04,4079.95,0.0
2021-04-08,77.419,1234.89,23221.0,0.3,2050431.0,-0.04,4097.17,0.0
2021-04-09,75.484,1231.66,23214.0,0.31,2050431.0,-0.04,4128.8,0.0
2021-04-12,76.567,1252.45,23218.0,0.4,2050431.0,-0.04,4127.99,0.0
2021-04-13,75.484,1248.33,23214.0,0.43,2050431.0,-0.04,4141.59,0.0
2021-04-14,76.413,1255.87,23217.0,0.41,2050431.0,-0.04,4124.66,0.0
2021-04-15,75.484,1247.25,23200.0,0.41,2050431.0,-0.04,4170.42,0.0
2021-04-16,74.555,1238.71,23196.0,0.43,2050431.0,-0.04,4185.47,0.0
2021-04-19,76.258,1260.58,23190.0,0.43,2050431.0,-0.04,4163.26,0.0
2021-04-20,79.742,1268.28,23182.0,0.44,2050431.0,-0.04,4134.94,0.0
2021-04-22,79.742,1227.82,23183.0,0.42,2050431.0,-0.04,4134.98,0.0
2021-04-23,80.516,1248.53,23179.0,0.44,2050431.0,-0.04,4180.17,0.0
2021-04-26,76.335,1215.77,23167.0,0.77,2050431.0,-0.04,4187.62,0.0
2021-04-27,76.645,1219.75,23161.0,1.05,2050431.0,-0.04,4186.72,0.0
2021-04-28,76.645,1229.55,23160.0,1.2,2050431.0,-0.04,4183.18,0.0
2021-04-29,77.419,1239.39,23158.0,0.9,2050431.0,-0.04,4211.47,0.0
2021-05-04,76.722,1242.2,23174.0,0.95,2050431.0,0.16,4164.66,0.0
2021-05-05,78.348,1256.43,23176.0,1.14,2050431.0,0.16,4167.59,0.0
2021-05-06,76.877,1250.57,23178.0,1.29,2050431.0,0.16,4201.62,0.0
2021-05-07,75.096,1241.81,23179.0,1.21,2050431.0,0.16,4232.6,0.0
2021-05-10,75.948,1259.58,23162.0,1.24,2050431.0,0.16,4188.43,0.0
2021-05-11,75.793,1256.04,23145.0,1.25,2050431.0,0.16,4152.1,0.0
2021-05-12,75.329,1269.09,23149.0,1.23,2050431.0,0.16,4063.04,0.0
2021-05-13,74.942,1261.99,23168.0,1.24,2050431.0,0.16,4112.5,0.0
2021-05-14,75.019,1266.36,23176.0,1.22,2050431.0,0.16,4173.85,0.0
2021-05-17,74.322,1258.7,23160.0,1.2,2050431.0,0.16,4163.29,0.0
2021-05-18,73.238,1252.68,23170.0,1.22,2050431.0,0.16,4127.83,0.0
2021-05-19,72.851,1262.49,23151.0,1.22,2050431.0,0.16,4115.68,0.0
2021-05-20,76.645,1278.22,23154.0,1.24,2050431.0,0.16,4159.12,0.0
2021-05-21,74.942,1283.93,23160.0,1.21,2050431.0,0.16,4155.86,0.0
2021-05-24,75.406,1297.98,23160.0,1.25,2050431.0,0.16,4197.05,0.0
2021-05-25,77.264,1308.58,23158.0,1.35,2050431.0,0.16,4188.13,0.0
2021-05-26,77.729,1316.7,23146.0,1.46,2050431.0,0.16,4195.99,0.0
2021-05-27,76.413,1303.57,23137.0,1.46,2050431.0,0.16,4200.88,0.0
2021-05-28,77.109,1320.46,23135.0,1.42,2050431.0,0.16,4204.11,0.0
2021-05-31,76.335,1328.05,23135.0,1.54,2050431.0,0.16,3896.4,0.0
2021-06-01,80.284,1337.78,23117.0,1.54,2050431.0,0.17,4202.04,0.0
2021-06-02,82.064,1340.78,23131.0,1.48,2050431.0,0.17,4208.12,0.0
2021-06-03,82.606,1364.28,23131.0,1.39,2050431.0,0.17,4192.85,0.0
2021-06-04,81.213,1374.05,23138.0,1.29,2050431.0,0.17,4229.89,0.0
2021-06-07,79.742,1358.78,23140.0,1.16,2050431.0,0.17,4226.52,0.0
2021-06-08,77.419,1319.88,23130.0,1.1,2050431.0,0.17,4227.26,0.0
2021-06-09,78.967,1332.9,23107.0,1.07,2050431.0,0.17,4219.55,0.0
2021-06-10,78.813,1323.58,23104.0,1.01,2050431.0,0.17,4239.18,0.0
2021-06-11,79.587,1351.74,23101.0,0.96,2050431.0,0.17,4247.44,0.0
2021-06-14,78.967,1361.72,23099.0,0.96,2050431.0,0.17,4255.15,0.0
2021-06-15,79.587,1367.36,23103.0,0.98,2050431.0,0.17,4246.59,0.0
2021-06-16,80.516,1356.52,23109.0,0.97,2050431.0,0.17,4223.7,0.0
2021-06-17,80.671,1359.92,23114.0,0.95,2050431.0,0.17,4221.86,0.0
2021-06-18,84.0,1377.77,23148.0,0.99,2050431.0,0.17,4166.45,0.0
2021-06-21,82.529,1372.63,23167.0,1.1,2050431.0,0.17,4224.79,0.0
2021-06-22,83.303,1379.97,23184.0,1.08,2050431.0,0.17,4246.44,0.0
2021-06-23,84.929,1376.87,23191.0,1.14,2050431.0,0.17,4241.84,0.0
2021-06-24,85.703,1379.72,23191.0,1.21,2050431.0,0.17,4266.49,0.0
2021-06-25,87.174,1390.12,23179.0,1.23,2050431.0,0.17,4280.7,0.0
2021-06-28,87.174,1405.81,23169.0,1.19,2050431.0,0.17,4290.61,0.0
2021-06-29,88.258,1410.04,23177.0,1.1,2050431.0,0.17,4291.8,0.0
2021-06-30,90.116,1408.55,23178.0,1.13,2050431.0,0.17,4297.5,0.0
2021-07-01,90.116,1417.08,23182.0,1.09,1986949.0,0.62,4319.94,-0.030960320049784655
2021-07-02,88.954,1420.27,23184.0,1.03,1986949.0,0.62,4352.34,0.0
2021-07-05,87.948,1411.13,23190.0,1.0,1986949.0,0.62,3772.49,0.0
2021-07-06,86.709,1354.79,23175.0,0.95,1986949.0,0.62,4343.54,0.0
2021-07-07,87.793,1388.55,23181.0,0.9,1986949.0,0.62,4358.13,0.0
2021-07-08,85.935,1374.68,23190.0,0.94,1986949.0,0.62,4320.82,0.0
2021-07-09,85.006,1347.14,23201.0,0.95,1986949.0,0.62,4369.55,0.0
2021-07-12,82.916,1296.3,23198.0,0.94,1986949.0,0.62,4384.63,0.0
2021-07-13,80.051,1297.54,23201.0,0.93,1986949.0,0.62,4369.21,0.0
2021-07-14,78.813,1279.91,23204.0,0.92,1986949.0,0.62,4374.3,0.0
2021-07-15,79.355,1293.92,23203.0,0.93,1986949.0,0.62,4360.03,0.0
2021-07-16,79.355,1299.31,23192.0,0.93,1986949.0,0.62,4327.16,0.0
2021-07-19,75.096,1243.51,23195.0,0.95,1986949.0,0.62,4258.63,0.0
2021-07-20,77.574,1273.29,23207.0,0.95,1986949.0,0.62,4323.21,0.0
2021-07-21,76.645,1270.79,23211.0,0.95,1986949.0,0.62,4358.69,0.0
2021-07-22,77.651,1293.67,23215.0,0.97,1986949.0,0.62,4367.48,0.0
2021-07-23,75.096,1268.83,23209.0,0.96,1986949.0,0.62,4411.8,0.0
2021-07-26,74.322,1272.71,23213.0,0.98,1986949.0,0.62,4422.23,0.0
2021-07-27,73.548,1276.93,23217.0,1.0,1986949.0,0.62,4401.46,0.0
2021-07-28,75.096,1277.07,23218.0,0.98,1986949.0,0.62,4400.65,0.0
2021-07-29,75.793,1293.6,23212.0,0.94,1986949.0,0.62,4419.15,0.0
2021-07-30,75.871,1310.05,23180.0,0.97,1986949.0,0.62,4395.26,0.0
2021-08-02,75.096,1314.22,23180.0,0.96,1986949.0,0.25,4387.11,0.0
2021-08-03,76.49,1332.44,23176.0,0.96,1986949.0,0.25,4423.15,0.0
2021-08-04,76.258,1334.74,23166.0,0.93,1986949.0,0.25,4402.68,0.0
2021-08-05,76.955,1345.55,23164.0,0.93,1986949.0,0.25,4429.1,0.0
2021-08-06,75.948,1341.45,23167.0,0.92,1986949.0,0.25,4436.52,0.0
2021-08-09,76.103,1359.86,23173.0,0.9,1986949.0,0.25,4432.35,0.0
2021-08-10,76.645,1362.43,23187.0,0.87,1986949.0,0.25,4436.75,0.0
2021-08-11,77.806,1357.79,23178.0,0.83,1986949.0,0.25,4447.7,0.0
2021-08-12,77.342,1353.05,23152.0,0.79,1986949.0,0.25,4460.84,0.0
2021-08-13,77.109,1357.05,23145.0,0.77,1986949.0,0.25,4468.0,0.0
2021-08-16,77.884,1370.96,23153.0,0.75,1986949.0,0.25,4479.66,0.0
2021-08-17,78.193,1363.09,23158.0,0.73,1986949.0,0.25,4448.08,0.0
2021-08-18,78.193,1360.94,23164.0,0.71,1986949.0,0.25,4400.27,0.0
2021-08-19,79.587,1374.85,23154.0,0.69,1986949.0,0.25,4405.8,0.0
2021-08-20,77.496,1329.43,23166.0,0.66,1986949.0,0.25,4441.67,0.0
2021-08-23,75.329,1298.86,23177.0,0.65,1986949.0,0.25,4479.54,0.0
2021-08-24,75.096,1298.74,23165.0,0.64,1986949.0,0.25,4486.23,0.0
2021-08-25,75.484,1309.55,23151.0,0.65,1986949.0,0.25,4496.19,0.0
2021-08-26,74.942,1301.12,23143.0,0.65,1986949.0,0.25,4469.91,0.0
2021-08-27,75.716,1313.2,23142.0,0.64,1986949.0,0.25,4509.37,0.0
2021-08-30,76.877,1328.14,23137.0,0.69,1986949.0,0.25,4528.79,0.0
2021-08-31,76.955,1331.47,23130.0,0.63,1986949.0,0.25,4522.68,0.0
2021-09-01,76.955,1334.65,23109.0,0.5,1986949.0,-0.62,4524.09,0.0
2021-09-06,77.419,1346.39,23106.0,0.65,1986949.0,-0.62,3988.04,0.0
2021-09-07,77.419,1341.9,23102.0,0.64,1986949.0,-0.62,4520.03,0.0
2021-09-08,77.187,1333.61,23109.0,0.64,1986949.0,-0.62,4514.07,0.0
2021-09-09,76.877,1343.98,23122.0,0.65,1986949.0,-0.62,4493.28,0.0
2021-09-10,76.8,1345.31,23118.0,0.63,1986949.0,-0.62,4458.58,0.0
2021-09-13,75.948,1341.43,23113.0,0.64,1986949.0,-0.62,4468.73,0.0
2021-09-14,76.103,1339.7,23130.0,0.64,1986949.0,-0.62,4443.05,0.0
2021-09-15,75.174,1345.83,23117.0,0.66,1986949.0,-0.62,4480.7,0.0
2021-09-16,75.948,1345.87,23110.0,0.64,1986949.0,-0.62,4473.76,0.0
2021-09-17,75.251,1352.64,23119.0,0.64,1986949.0,-0.62,4432.99,0.0
2021-09-20,77.109,1350.48,23132.0,0.64,1986949.0,-0.62,4357.73,0.0
2021-09-21,75.871,1339.84,23134.0,0.68,1986949.0,-0.62,4354.18,0.0
2021-09-22,77.032,1350.68,23132.0,0.68,1986949.0,-0.62,4395.64,0.0
2021-09-23,77.032,1352.76,23139.0,0.69,1986949.0,-0.62,4448.98,0.0
2021-09-24,77.032,1351.17,23134.0,0.68,1986949.0,-0.62,4455.48,0.0
2021-09-27,75.871,1324.99,23141.0,0.68,1986949.0,-0.62,4443.11,0.0
2021-09-28,76.8,1339.31,23145.0,0.68,1986949.0,-0.62,4352.63,0.0
2021-09-29,76.258,1339.21,23155.0,0.67,1986949.0,-0.62,4359.46,0.0
2021-09-30,75.251,1342.06,23162.0,0.65,1986949.0,-0.62,4307.54,0.0
2021-10-01,74.245,1334.89,23160.0,0.66,2399005.0,-0.2,4357.05,0.20738126645424718
2021-10-04,73.238,1339.54,23156.0,0.65,2399005.0,-0.2,4300.46,0.0
2021-10-05,74.013,1354.63,23154.0,0.67,2399005.0,-0.2,4345.72,0.0
2021-10-06,74.013,1362.82,23158.0,0.66,2399005.0,-0.2,4363.55,0.0
2021-10-07,74.942,1365.99,23170.0,0.67,2399005.0,-0.2,4399.76,0.0
2021-10-08,75.096,1372.73,23165.0,0.67,2399005.0,-0.2,4391.36,0.0
2021-10-11,75.484,1394.09,23170.0,0.66,2399005.0,-0.2,4361.19,0.0
2021-10-12,75.096,1394.8,23174.0,0.67,2399005.0,-0.2,4350.64,0.0
2021-10-13,75.096,1391.91,23181.0,0.66,2399005.0,-0.2,4363.8,0.0
2021-10-14,74.864,1391.85,23177.0,0.65,2399005.0,-0.2,4438.23,0.0
2021-10-15,74.709,1392.7,23159.0,0.65,2399005.0,-0.2,4471.37,0.0
2021-10-18,74.322,1395.53,23160.0,0.66,2399005.0,-0.2,4486.48,0.0
2021-10-19,74.632,1395.33,23164.0,0.64,2399005.0,-0.2,4519.63,0.0
2021-10-20,73.548,1393.8,23147.0,0.65,2399005.0,-0.2,4536.19,0.0
2021-10-21,72.774,1384.77,23145.0,0.64,2399005.0,-0.2,4549.78,0.0
2021-10-22,73.006,1389.24,23142.0,0.65,2399005.0,-0.2,4544.9,0.0
2021-10-25,72.851,1385.4,23136.0,0.65,2399005.0,-0.2,4566.48,0.0
2021-10-26,72.774,1391.63,23129.0,0.65,2399005.0,-0.2,4574.79,0.0
2021-10-27,74.4,1423.02,23131.0,0.65,2399005.0,-0.2,4551.68,0.0
2021-10-28,75.793,1438.01,23145.0,0.61,2399005.0,-0.2,4596.42,0.0
2021-10-29,75.871,1444.27,23131.0,0.61,2399005.0,-0.2,4605.38,0.0
2021-11-01,75.096,1438.97,23140.0,0.6,2399005.0,0.32,4613.67,0.0
2021-11-02,75.793,1452.46,23150.0,0.6,2399005.0,0.32,4630.65,0.0
2021-11-03,76.413,1444.3,23140.0,0.66,2399005.0,0.32,4660.57,0.0
2021-11-04,76.18,1448.34,23152.0,0.62,2399005.0,0.32,4680.06,0.0
2021-11-05,75.484,1456.51,23133.0,0.62,2399005.0,0.32,4697.53,0.0
2021-11-08,76.025,1467.57,23123.0,0.63,2399005.0,0.32,4701.7,0.0
2021-11-09,75.174,1461.5,23109.0,0.63,2399005.0,0.32,4685.25,0.0
2021-11-10,75.561,1465.02,23100.0,0.63,2399005.0,0.32,4646.71,0.0
2021-11-11,76.103,1462.35,23105.0,0.63,2399005.0,0.32,4649.27,0.0
2021-11-12,76.025,1473.37,23115.0,0.65,2399005.0,0.32,4682.85,0.0
2021-11-15,75.638,1476.57,23104.0,0.65,2399005.0,0.32,4682.81,0.0
2021-11-16,75.251,1466.45,23107.0,0.63,2399005.0,0.32,4700.9,0.0
2021-11-17,75.871,1475.85,23114.0,0.65,2399005.0,0.32,4688.67,0.0
2021-11-18,75.096,1469.83,23116.0,0.64,2399005.0,0.32,4706.64,0.0
2021-11-19,75.174,1452.35,23112.0,0.63,2399005.0,0.32,4697.96,0.0
2021-11-22,76.49,1447.25,23118.0,0.63,2399005.0,0.32,4682.95,0.0
2021-11-23,76.722,1463.63,23133.0,0.63,2399005.0,0.32,4690.7,0.0
2021-11-24,81.135,1488.87,23141.0,0.64,2399005.0,0.32,4701.46,0.0
2021-11-25,82.916,1500.81,23147.0,0.63,2399005.0,0.32,4047.71,0.0
2021-11-26,81.29,1493.03,23145.0,0.64,2399005.0,0.32,4594.62,0.0
2021-11-29,78.271,1484.84,23143.0,0.61,2399005.0,0.32,4655.27,0.0
2021-11-30,76.567,1478.44,23139.0,0.65,2399005.0,0.32,4567.0,0.0
2021-12-01,76.645,1485.19,23143.0,0.65,2399005.0,-0.18,4513.04,0.0
2021-12-02,76.722,1482.05,23127.0,0.64,2399005.0,-0.18,4577.1,0.0
2021-12-03,75.871,1443.32,23127.0,0.65,2399005.0,-0.18,4538.43,0.0
2021-12-06,73.858,1413.58,23165.0,0.61,2399005.0,-0.18,4591.67,0.0
2021-12-07,76.025,1446.77,23210.0,0.63,2399005.0,-0.18,4686.75,0.0
2021-12-08,76.413,1452.87,23237.0,0.64,2399005.0,-0.18,4701.21,0.0
2021-12-09,76.8,1467.98,23196.0,0.63,2399005.0,-0.18,4667.45,0.0
2021-12-10,77.419,1463.54,23175.0,0.64,2399005.0,-0.18,4712.02,0.0
2021-12-13,77.109,1476.21,23207.0,0.65,2399005.0,-0.18,4669.15,0.0
2021-12-14,76.877,1476.02,23191.0,0.65,2399005.0,-0.18,4634.09,0.0
2021-12-15,77.342,1475.5,23195.0,0.64,2399005.0,-0.18,4709.84,0.0
2021-12-16,76.722,1476.61,23222.0,0.75,2399005.0,-0.18,4668.67,0.0
2021-12-17,74.709,1479.79,23217.0,0.85,2399005.0,-0.18,4620.64,0.0
2021-12-20,77.032,1477.33,23184.0,0.91,2399005.0,-0.18,4568.02,0.0
2021-12-21,76.567,1478.74,23190.0,1.05,2399005.0,-0.18,4649.23,0.0
2021-12-22,76.9,1477.67,23183.0,1.34,2399005.0,-0.18,4696.56,0.0
2021-12-23,76.5,1456.96,23193.0,1.27,2399005.0,-0.18,4725.78,0.0
2021-12-24,78.5,1477.03,23193.0,1.12,2399005.0,-0.18,4021.41,0.0
2021-12-27,79.8,1488.88,23174.0,1.12,2399005.0,-0.18,4791.19,0.0
2021-12-28,80.0,1494.39,23142.0,0.98,2399005.0,-0.18,4786.36,0.0
2021-12-29,79.5,1485.82,23154.0,0.81,2399005.0,-0.18,4793.06,0.0
2021-12-30,78.4,1485.97,23145.0,0.73,2399005.0,-0.18,4778.73,0.0
2021-12-31,78.8,1498.28,23145.0,0.73,2399005.0,-0.18,4766.18,0.0
2022-01-04,79.0,1525.58,23134.0,1.8,2132796.0,0.19,4793.54,-0.11096642149557838
2022-01-05,78.0,1522.5,23137.0,1.47,2132796.0,0.19,4700.58,0.0
2022-01-06,79.1,1528.57,23128.0,1.26,2132796.0,0.19,4696.05,0.0
2022-01-07,79.8,1528.48,23138.0,1.17,2132796.0,0.19,4677.02,0.0
2022-01-10,79.5,1503.71,23125.0,1.14,2132796.0,0.19,4670.29,0.0
2022-01-11,79.4,1492.31,23105.0,1.11,2132796.0,0.19,4713.07,0.0
2022-01-12,80.0,1510.51,23110.0,1.09,2132796.0,0.19,4726.35,0.0
2022-01-13,81.9,1496.05,23096.0,1.04,2132796.0,0.19,4659.02,0.0
2022-01-14,83.4,1496.02,23082.0,0.98,2132796.0,0.19,4662.85,0.0
2022-01-17,86.2,1452.84,23085.0,1.02,2132796.0,0.19,3853.86,0.0
2022-01-18,87.6,1438.94,23097.0,1.0,2132796.0,0.19,4577.34,0.0
2022-01-19,86.8,1442.79,23119.0,0.98,2132796.0,0.19,4532.76,0.0
2022-01-20,87.1,1465.3,23100.0,1.0,2132796.0,0.19,4482.73,0.0
2022-01-21,89.2,1472.89,23077.0,1.03,2132796.0,0.19,4397.93,0.0
2022-01-24,93.0,1439.71,23062.0,1.48,2132796.0,0.19,4410.13,0.0
2022-01-25,95.8,1479.58,23068.0,2.3,2132796.0,0.19,4356.45,0.0
2022-01-26,94.5,1481.58,23076.0,2.56,2132796.0,0.19,4349.93,0.0
2022-01-27,91.0,1470.76,23070.0,2.42,2132796.0,0.19,4326.5,0.0
2022-01-28,89.0,1478.96,23099.0,2.42,2132796.0,0.19,4431.85,0.0
2022-02-07,92.4,1497.66,23081.0,2.27,2132796.0,1.0,4483.87,0.0
2022-02-08,92.0,1500.99,23090.0,2.59,2132796.0,1.0,4521.54,0.0
2022-02-09,90.8,1505.38,23104.0,3.32,2132796.0,1.0,4587.18,0.0
2022-02-10,91.3,1506.79,23108.0,3.4,2132796.0,1.0,4504.06,0.0
2022-02-11,90.0,1501.71,23090.0,3.08,2132796.0,1.0,4418.64,0.0
2022-02-14,86.0,1471.96,23096.0,2.95,2132796.0,1.0,4401.67,0.0
2022-02-15,87.0,1492.75,23116.0,2.89,2132796.0,1.0,4471.07,0.0
2022-02-16,87.0,1492.1,23119.0,2.9,2132796.0,1.0,4475.01,0.0
2022-02-17,87.5,1507.99,23113.0,2.74,2132796.0,1.0,4380.26,0.0
2022-02-18,87.2,1504.84,23119.0,2.54,2132796.0,1.0,4348.87,0.0
2022-02-21,87.4,1510.84,23133.0,2.52,2132796.0,1.0,3880.32,0.0
2022-02-22,86.8,1503.47,23130.0,2.51,2132796.0,1.0,4304.74,0.0
2022-02-23,86.9,1512.3,23130.0,2.57,2132796.0,1.0,4225.5,0.0
2022-02-24,85.3,1494.85,23131.0,2.56,2132796.0,1.0,4288.7,0.0
2022-02-25,85.1,1498.89,23146.0,2.55,2132796.0,1.0,4384.62,0.0
2022-02-28,84.5,1490.13,23140.0,2.56,2132796.0,1.0,4373.79,0.0
2022-03-01,85.0,1498.78,23137.0,2.54,2132796.0,0.7,4306.26,0.0
2022-03-02,85.0,1485.52,23133.0,2.54,2132796.0,0.7,4386.54,0.0
2022-03-03,85.5,1505.0,23143.0,2.51,2132796.0,0.7,4363.49,0.0
2022-03-04,84.9,1505.33,23151.0,2.47,2132796.0,0.7,4328.87,0.0
2022-03-07,84.9,1499.05,23159.0,2.4,2132796.0,0.7,4201.09,0.0
2022-03-08,81.5,1473.71,23171.0,2.31,2132796.0,0.7,4170.62,0.0
2022-03-09,83.0,1473.74,23172.0,2.24,2132796.0,0.7,4277.88,0.0
2022-03-10,83.5,1479.08,23162.0,2.15,2132796.0,0.7,4259.52,0.0
2022-03-11,83.8,1466.54,23164.0,2.11,2132796.0,0.7,4204.31,0.0
2022-03-14,84.2,1446.25,23178.0,2.13,2132796.0,0.7,4173.11,0.0
2022-03-15,81.1,1452.74,23186.0,2.18,2132796.0,0.7,4262.45,0.0
2022-03-16,82.5,1459.33,23188.0,2.19,2132796.0,0.7,4357.95,0.0
2022-03-17,83.0,1461.34,23167.0,2.19,2132796.0,0.7,4411.67,0.0
2022-03-18,84.2,1469.1,23142.0,2.2,2132796.0,0.7,4463.09,0.0
2022-03-21,84.9,1494.95,23146.0,2.17,2132796.0,0.7,4461.18,0.0
2022-03-22,84.9,1503.78,23143.0,2.18,2132796.0,0.7,4511.61,0.0
2022-03-23,84.9,1502.34,23147.0,2.19,2132796.0,0.7,4456.23,0.0
2022-03-24,83.5,1498.26,23148.0,2.18,2132796.0,0.7,4520.16,0.0
2022-03-25,82.5,1498.5,23151.0,2.13,2132796.0,0.7,4543.04,0.0
2022-03-28,82.4,1483.18,23146.0,2.08,2132796.0,0.7,4575.52,0.0
2022-03-29,81.9,1497.76,23151.0,2.03,2132796.0,0.7,4631.6,0.0
2022-03-30,82.0,1490.51,23135.0,2.01,2132796.0,0.7,4602.45,0.0
2022-03-31,82.1,1492.15,23100.0,2.08,2132796.0,0.7,4530.41,0.0
2022-04-01,82.8,1516.44,23095.0,2.08,2292012.0,0.18,4545.86,0.07465130279689197
2022-04-04,82.6,1524.7,23098.0,2.09,2292012.0,0.18,4582.64,0.0
2022-04-05,83.0,1520.03,23098.0,2.1,2292012.0,0.18,4525.12,0.0
2022-04-06,84.6,1522.9,23100.0,2.11,2292012.0,0.18,4481.15,0.0
2022-04-07,83.0,1502.35,23105.0,2.11,2292012.0,0.18,4500.21,0.0
2022-04-08,83.0,1482.0,23101.0,2.11,2292012.0,0.18,4488.28,0.0
2022-04-12,82.4,1455.25,23108.0,2.11,2292012.0,0.18,4397.45,0.0
2022-04-13,82.4,1477.2,23108.0,2.12,2292012.0,0.18,4446.59,0.0
2022-04-14,81.0,1472.12,23106.0,2.11,2292012.0,0.18,4392.59,0.0
2022-04-15,80.2,1458.56,23106.0,2.11,2292012.0,0.18,3849.62,0.0
2022-04-18,77.7,1432.6,23107.0,2.11,2292012.0,0.18,4391.69,0.0
2022-04-19,77.7,1406.45,23112.0,2.05,2292012.0,0.18,4462.21,0.0
2022-04-20,78.4,1384.72,23117.0,1.85,2292012.0,0.18,4459.45,0.0
2022-04-21,78.4,1370.21,23123.0,1.51,2292012.0,0.18,4393.66,0.0
2022-04-22,82.2,1379.23,23123.0,1.33,2292012.0,0.18,4271.78,0.0
2022-04-25,81.8,1310.92,23128.0,1.29,2292012.0,0.18,4296.12,0.0
2022-04-26,80.5,1341.34,23135.0,1.43,2292012.0,0.18,4175.2,0.0
2022-04-27,81.5,1353.77,23135.0,1.4,2292012.0,0.18,4183.96,0.0
2022-04-28,81.5,1350.99,23140.0,1.37,2292012.0,0.18,4287.5,0.0
2022-04-29,80.9,1366.8,23140.0,1.37,2292012.0,0.18,4131.93,0.0
2022-05-04,79.9,1348.68,23128.0,1.56,2292012.0,0.38,4300.17,0.0
2022-05-05,81.0,1360.68,23128.0,1.63,2292012.0,0.38,4152.38,0.0
2022-05-06,79.4,1329.26,23130.0,1.7,2292012.0,0.38,4123.34,0.0
2022-05-09,77.9,1269.62,23135.0,1.78,2292012.0,0.38,3991.24,0.0
2022-05-10,80.0,1293.56,23143.0,1.91,2292012.0,0.38,4001.05,0.0
2022-05-11,80.0,1301.53,23141.0,2.0,2292012.0,0.38,3935.18,0.0
2022-05-12,77.0,1238.84,23151.0,2.07,2292012.0,0.38,3930.08,0.0
2022-05-13,73.0,1182.77,23163.0,2.05,2292012.0,0.38,4023.89,0.0
2022-05-16,74.2,1171.95,23160.0,1.98,2292012.0,0.38,4008.01,0.0
2022-05-17,76.0,1228.37,23160.0,1.91,2292012.0,0.38,4088.85,0.0
2022-05-18,75.4,1240.76,23140.0,1.75,2292012.0,0.38,3923.68,0.0
2022-05-19,76.0,1241.64,23142.0,1.57,2292012.0,0.38,3900.79,0.0
2022-05-20,75.3,1240.71,23145.0,1.32,2292012.0,0.38,3901.36,0.0
2022-05-23,74.4,1218.81,23117.0,1.14,2292012.0,0.38,3973.75,0.0
2022-05-24,75.6,1233.38,23103.0,1.04,2292012.0,0.38,3941.48,0.0
2022-05-25,77.0,1268.43,23103.0,0.93,2292012.0,0.38,3978.73,0.0
2022-05-26,76.7,1268.57,23105.0,0.74,2292012.0,0.38,4057.84,0.0
2022-05-27,77.4,1285.45,23109.0,0.53,2292012.0,0.38,4158.24,0.0
2022-05-30,78.0,1293.92,23089.0,0.38,2292012.0,0.38,3896.4,0.0
2022-05-31,78.9,1292.68,23057.0,0.33,2292012.0,0.38,4132.15,0.0
2022-06-01,80.5,1299.52,23060.0,0.48,2292012.0,0.69,4101.23,0.0
2022-06-02,79.0,1288.62,23066.0,0.45,2292012.0,0.69,4176.82,0.0
2022-06-03,77.5,1287.98,23069.0,0.4,2292012.0,0.69,4108.54,0.0
2022-06-06,79.7,1290.01,23062.0,0.39,2292012.0,0.69,4121.43,0.0
2022-06-07,81.0,1291.35,23057.0,0.42,2292012.0,0.69,4160.68,0.0
2022-06-08,79.2,1307.91,23057.0,0.42,2292012.0,0.69,4115.77,0.0
2022-06-09,77.8,1307.8,23062.0,0.38,2292012.0,0.69,4017.82,0.0
2022-06-10,77.7,1284.08,23065.0,0.38,2292012.0,0.69,3900.86,0.0
2022-06-13,76.4,1227.04,23071.0,0.37,2292012.0,0.69,3749.63,0.0
2022-06-14,77.0,1230.31,23089.0,0.36,2292012.0,0.69,3735.48,0.0
2022-06-15,76.5,1213.93,23093.0,0.37,2292012.0,0.69,3789.99,0.0
2022-06-16,79.1,1236.63,23093.0,0.37,2292012.0,0.69,3666.77,0.0
2022-06-17,76.1,1217.3,23089.0,0.37,2292012.0,0.69,3674.84,0.0
2022-06-20,76.0,1180.4,23092.0,0.38,2292012.0,0.69,3860.83,0.0
2022-06-21,77.7,1172.47,23087.0,0.38,2292012.0,0.69,3764.79,0.0
2022-06-22,76.0,1169.27,23089.0,0.37,2292012.0,0.69,3759.89,0.0
2022-06-23,75.9,1188.88,23101.0,0.44,2292012.0,0.69,3795.73,0.0
2022-06-24,75.0,1185.48,23105.0,0.6,2292012.0,0.69,3911.74,0.0
2022-06-27,74.9,1202.82,23102.0,0.69,2292012.0,0.69,3900.11,0.0
2022-06-28,76.3,1218.1,23092.0,0.68,2292012.0,0.69,3821.55,0.0
2022-06-29,75.5,1218.09,23099.0,0.71,2292012.0,0.69,3818.83,0.0
2022-06-30,74.8,1197.6,23110.0,0.66,2292012.0,0.69,3785.38,0.0
2022-07-01,74.0,1198.9,23112.0,0.87,2373152.0,0.4,3825.33,0.03540121081390499
2022-07-04,74.1,1195.53,23121.0,0.88,2373152.0,0.4,3772.49,0.0
2022-07-05,74.0,1181.29,23144.0,0.88,2373152.0,0.4,3831.39,0.0
2022-07-06,72.8,1149.61,23171.0,0.82,2373152.0,0.4,3845.08,0.0
2022-07-07,75.5,1166.48,23178.0,0.69,2373152.0,0.4,3902.62,0.0
2022-07-08,74.0,1171.31,23177.0,0.68,2373152.0,0.4,3899.38,0.0
2022-07-11,72.0,1155.29,23170.0,0.72,2373152.0,0.4,3854.43,0.0
2022-07-12,71.9,1174.82,23183.0,0.71,2373152.0,0.4,3818.8,0.0
2022-07-13,71.8,1173.92,23198.0,0.73,2373152.0,0.4,3801.78,0.0
2022-07-14,72.4,1182.17,23201.0,0.76,2373152.0,0.4,3790.38,0.0
2022-07-15,72.3,1179.25,23225.0,0.83,2373152.0,0.4,3863.16,0.0
2022-07-18,72.0,1176.49,23245.0,0.96,2373152.0,0.4,3830.85,0.0
2022-07-19,71.3,1178.33,23224.0,1.15,2373152.0,0.4,3936.69,0.0
2022-07-20,72.5,1194.14,23214.0,1.4,2373152.0,0.4,3959.9,0.0
2022-07-21,72.5,1198.47,23213.0,2.16,2373152.0,0.4,3998.95,0.0
2022-07-22,72.5,1194.76,23212.0,2.8,2373152.0,0.4,3961.63,0.0
2022-07-25,72.9,1188.5,23207.0,3.67,2373152.0,0.4,3966.84,0.0
2022-07-26,73.9,1185.07,23196.0,5.01,2373152.0,0.4,3921.05,0.0
2022-07-27,75.0,1191.04,23192.0,5.13,2373152.0,0.4,4023.61,0.0
2022-07-28,75.3,1208.12,23201.0,4.68,2373152.0,0.4,4072.43,0.0
2022-07-29,74.7,1206.33,23176.0,4.19,2373152.0,0.4,4130.29,0.0
2022-08-01,77.0,1231.35,23161.0,4.18,2373152.0,0.01,4118.63,0.0
2022-08-02,78.9,1241.62,23154.0,4.03,2373152.0,0.01,4091.19,0.0
2022-08-03,79.5,1249.76,23163.0,4.1,2373152.0,0.01,4155.17,0.0
2022-08-04,82.5,1254.15,23178.0,4.16,2373152.0,0.01,4151.94,0.0
2022-08-05,82.0,1252.74,23182.0,4.36,2373152.0,0.01,4145.19,0.0
2022-08-08,82.0,1256.75,23175.0,4.42,2373152.0,0.01,4140.06,0.0
2022-08-09,80.8,1258.85,23176.0,4.29,2373152.0,0.01,4122.47,0.0
2022-08-10,80.5,1256.5,23174.0,3.98,2373152.0,0.01,4210.24,0.0
2022-08-11,81.5,1252.07,23163.0,3.3,2373152.0,0.01,4207.27,0.0
2022-08-12,81.6,1262.33,23153.0,2.71,2373152.0,0.01,4280.15,0.0
2022-08-15,81.8,1274.2,23160.0,2.27,2373152.0,0.01,4297.14,0.0
2022-08-16,81.5,1274.69,23173.0,1.99,2373152.0,0.01,4305.2,0.0
2022-08-17,81.5,1275.28,23192.0,2.05,2373152.0,0.01,4274.04,0.0
2022-08-18,81.5,1273.66,23192.0,2.43,2373152.0,0.01,4283.74,0.0
2022-08-19,80.9,1269.18,23205.0,2.49,2373152.0,0.01,4228.48,0.0
2022-08-22,80.0,1260.43,23222.0,2.73,2373152.0,0.01,4137.99,0.0
2022-08-23,80.2,1270.81,23237.0,3.77,2373152.0,0.01,4128.73,0.0
2022-08-24,82.0,1277.16,23232.0,3.82,2373152.0,0.01,4140.77,0.0
2022-08-25,82.0,1288.88,23234.0,3.74,2373152.0,0.01,4199.12,0.0
2022-08-26,82.5,1282.57,23212.0,3.58,2373152.0,0.01,4057.66,0.0
2022-08-29,82.5,1270.8,23211.0,3.88,2373152.0,0.01,4030.61,0.0
2022-08-30,86.0,1279.39,23221.0,4.42,2373152.0,0.01,3986.16,0.0
2022-08-31,84.0,1280.51,23219.0,4.42,2373152.0,0.01,3955.0,0.0
2022-09-05,82.6,1277.35,23227.0,5.21,2373152.0,0.4,3988.04,0.0
2022-09-06,82.7,1277.4,23245.0,5.71,2373152.0,0.4,3908.19,0.0
2022-09-07,80.0,1243.17,23261.0,6.88,2373152.0,0.4,3979.87,0.0
2022-09-08,78.0,1234.6,23281.0,5.9,2373152.0,0.4,4006.18,0.0
2022-09-09,78.8,1248.78,23263.0,4.62,2373152.0,0.4,4067.36,0.0
2022-09-12,79.1,1249.62,23253.0,4.29,2373152.0,0.4,4110.41,0.0
2022-09-13,78.6,1248.4,23244.0,4.2,2373152.0,0.4,3932.69,0.0
2022-09-14,78.3,1240.77,23257.0,4.17,2373152.0,0.4,3946.01,0.0
2022-09-15,79.2,1245.66,23277.0,4.21,2373152.0,0.4,3901.35,0.0
2022-09-16,80.0,1234.03,23283.0,4.25,2373152.0,0.4,3873.33,0.0
2022-09-19,78.8,1205.43,23295.0,4.26,2373152.0,0.4,3899.89,0.0
2022-09-20,79.2,1218.93,23301.0,4.61,2373152.0,0.4,3855.93,0.0
2022-09-21,78.9,1210.55,23301.0,4.68,2373152.0,0.4,3789.93,0.0
2022-09-22,78.0,1214.7,23316.0,4.89,2373152.0,0.4,3757.99,0.0
2022-09-23,75.9,1203.28,23324.0,5.08,2373152.0,0.4,3693.23,0.0
2022-09-26,75.0,1174.35,23334.0,5.12,2373152.0,0.4,3655.04,0.0
2022-09-27,74.3,1166.54,23346.0,5.16,2373152.0,0.4,3647.29,0.0
2022-09-28,75.0,1143.62,23346.0,5.06,2373152.0,0.4,3719.04,0.0
2022-09-29,74.0,1126.07,23371.0,4.98,2373152.0,0.4,3640.47,0.0
2022-09-30,73.2,1132.11,23400.0,4.93,2373152.0,0.4,3585.62,0.0
2022-10-03,70.6,1086.44,23412.0,5.26,2669131.0,0.15,3678.43,0.12471978196086891
2022-10-04,71.3,1078.14,23423.0,7.88,2669131.0,0.15,3790.93,0.0
2022-10-05,71.5,1104.26,23417.0,8.44,2669131.0,0.15,3783.28,0.0
2022-10-06,70.1,1074.52,23417.0,7.86,2669131.0,0.15,3744.52,0.0
2022-10-07,66.7,1035.91,23422.0,6.61,2669131.0,0.15,3639.66,0.0
2022-10-10,65.1,1042.48,23432.0,7.47,2669131.0,0.15,3612.39,0.0
2022-10-11,62.0,1006.2,23451.0,7.02,2669131.0,0.15,3588.84,0.0
2022-10-12,64.0,1034.81,23480.0,6.51,2669131.0,0.15,3577.03,0.0
2022-10-13,66.5,1050.99,23497.0,5.48,2669131.0,0.15,3669.91,0.0
2022-10-14,68.1,1061.85,23541.0,4.92,2669131.0,0.15,3583.07,0.0
2022-10-17,66.3,1051.58,23586.0,4.1,2669131.0,0.15,3677.95,0.0
2022-10-18,67.7,1063.66,23637.0,3.23,2669131.0,0.15,3719.98,0.0
2022-10-19,67.9,1060.07,23663.0,3.03,2669131.0,0.15,3695.16,0.0
2022-10-20,69.2,1058.45,23682.0,4.04,2669131.0,0.15,3665.78,0.0
2022-10-21,68.0,1019.82,23688.0,4.64,2669131.0,0.15,3752.75,0.0
2022-10-24,68.0,986.15,23700.0,5.46,2669131.0,0.15,3797.34,0.0
2022-10-25,69.9,997.7,23703.0,7.16,2669131.0,0.15,3859.11,0.0
2022-10-26,70.0,993.36,23698.0,7.2,2669131.0,0.15,3830.6,0.0
2022-10-27,71.7,1028.01,23693.0,6.07,2669131.0,0.15,3807.3,0.0
2022-10-28,71.6,1027.36,23693.0,4.79,2669131.0,0.15,3901.06,0.0
2022-10-31,73.5,1027.94,23695.0,5.1,2669131.0,0.15,3871.98,0.0
2022-11-01,75.0,1033.75,23697.0,6.61,2669131.0,0.39,3856.1,0.0
2022-11-02,73.6,1023.19,23688.0,7.12,2669131.0,0.39,3759.69,0.0
2022-11-03,73.0,1019.81,23687.0,6.93,2669131.0,0.39,3719.89,0.0
2022-11-04,71.8,997.15,23693.0,6.21,2669131.0,0.39,3770.55,0.0
2022-11-07,71.8,975.19,23690.0,6.01,2669131.0,0.39,3806.8,0.0
2022-11-08,72.6,981.65,23688.0,5.56,2669131.0,0.39,3828.11,0.0
2022-11-09,74.0,985.59,23688.0,5.1,2669131.0,0.39,3748.57,0.0
2022-11-10,72.8,947.24,23686.0,4.88,2669131.0,0.39,3956.37,0.0
2022-11-11,75.5,954.53,23683.0,4.62,2669131.0,0.39,3992.93,0.0
2022-11-14,75.1,941.04,23678.0,1.65,2669131.0,0.39,3957.25,0.0
2022-11-15,75.0,911.9,23677.0,4.2,2669131.0,0.39,3991.73,0.0
2022-11-16,75.1,942.9,23677.0,4.63,2669131.0,0.39,3958.79,0.0
2022-11-17,76.5,969.26,23677.0,5.18,2669131.0,0.39,3946.56,0.0
2022-11-18,76.5,969.33,23675.0,5.4,2669131.0,0.39,3965.34,0.0
2022-11-21,75.0,960.65,23674.0,5.87,2669131.0,0.39,3949.94,0.0
2022-11-22,73.5,952.12,23674.0,1.98,2669131.0,0.39,4003.58,0.0
2022-11-23,73.5,946.0,23672.0,6.1,2669131.0,0.39,4027.26,0.0
2022-11-24,73.0,947.71,23671.0,5.97,2669131.0,0.39,4047.71,0.0
2022-11-25,73.1,971.46,23669.0,6.01,2669131.0,0.39,4026.12,0.0
2022-11-28,76.7,1005.69,23667.0,5.88,2669131.0,0.39,3963.94,0.0
2022-11-29,79.8,1032.16,23667.0,5.63,2669131.0,0.39,3957.63,0.0
2022-11-30,81.0,1048.42,23665.0,5.32,2669131.0,0.39,4080.11,0.0
2022-12-01,80.0,1036.28,23662.0,5.42,2669131.0,-0.01,4076.57,0.0
2022-12-02,85.0,1080.01,23660.0,5.42,2669131.0,-0.01,4071.7,0.0
2022-12-05,85.0,1093.67,23658.0,1.86,2669131.0,-0.01,3998.84,0.0
2022-12-06,80.0,1048.69,23658.0,5.52,2669131.0,-0.01,3941.26,0.0
2022-12-07,78.5,1041.02,23660.0,5.67,2669131.0,-0.01,3933.92,0.0
2022-12-08,77.0,1050.53,23659.0,5.64,2669131.0,-0.01,3963.51,0.0
2022-12-09,77.3,1051.81,23657.0,5.61,2669131.0,-0.01,3934.38,0.0
2022-12-12,77.4,1032.07,23655.0,5.61,2669131.0,-0.01,3990.56,0.0
2022-12-13,78.2,1047.45,23655.0,5.62,2669131.0,-0.01,4019.65,0.0
2022-12-14,78.8,1050.43,23654.0,5.38,2669131.0,-0.01,3995.32,0.0
2022-12-15,79.5,1055.32,23652.0,5.19,2669131.0,-0.01,3895.75,0.0
2022-12-16,79.7,1052.48,23650.0,4.62,2669131.0,-0.01,3852.36,0.0
2022-12-19,79.2,1038.4,23645.0,4.34,2669131.0,-0.01,3817.66,0.0
2022-12-20,79.0,1023.13,23643.0,4.04,2669131.0,-0.01,3821.62,0.0
2022-12-21,78.7,1018.88,23641.0,3.94,2669131.0,-0.01,3878.44,0.0
2022-12-22,79.3,1022.61,23636.0,3.77,2669131.0,-0.01,3822.39,0.0
2022-12-23,79.1,1020.34,23631.0,3.49,2669131.0,-0.01,3844.82,0.0
2022-12-26,78.9,985.21,23626.0,3.25,2669131.0,-0.01,4153.23,0.0
2022-12-27,79.1,1004.57,23624.0,3.36,2669131.0,-0.01,3829.25,0.0
2022-12-28,80.0,1015.66,23620.0,3.2,2669131.0,-0.01,3783.22,0.0
2022-12-29,80.7,1009.29,23617.0,2.81,2669131.0,-0.01,3849.28,0.0
2022-12-30,80.0,1007.09,23612.0,1.25,2669131.0,-0.01,3839.5,0.0
2023-01-03,82.6,1043.9,23606.0,5.06,2300882.0,0.52,3824.14,-0.13796587728365525
2023-01-04,82.8,1046.35,23603.0,1.57,2300882.0,0.52,3852.97,0.0
2023-01-05,84.0,1055.82,23603.0,1.57,2300882.0,0.52,3808.1,0.0
2023-01-06,84.0,1051.44,23605.0,5.09,2300882.0,0.52,3895.08,0.0
2023-01-09,86.9,1054.21,23605.0,1.58,2300882.0,0.52,3892.09,0.0
2023-01-10,87.3,1053.35,23603.0,5.23,2300882.0,0.52,3919.25,0.0
2023-01-11,85.1,1055.76,23604.0,5.59,2300882.0,0.52,3969.61,0.0
2023-01-12,84.8,1056.39,23605.0,5.95,2300882.0,0.52,3983.17,0.0
2023-01-13,85.8,1060.17,23602.0,1.58,2300882.0,0.52,3999.09,0.0
2023-01-16,87.3,1066.68,23601.0,6.48,2300882.0,0.52,3853.86,0.0
2023-01-17,89.4,1088.29,23211.22,6.34,2300882.0,0.52,3990.97,0.0
2023-01-18,90.0,1098.28,23606.0,1.67,2300882.0,0.52,3928.86,0.0
2023-01-19,93.0,1108.08,23605.0,6.09,2300882.0,0.52,3898.85,0.0
2023-01-27,93.0,1117.1,23608.0,6.13,2300882.0,0.52,4070.56,0.0
2023-01-30,89.9,1102.57,23611.0,6.17,2300882.0,0.52,4017.77,0.0
2023-01-31,91.9,1111.18,23609.0,6.23,2300882.0,0.52,4076.6,0.0
2023-02-01,89.1,1075.97,23610.0,6.26,2300882.0,0.45,4119.21,0.0
2023-02-02,90.6,1077.59,23608.0,6.26,2300882.0,0.45,4179.76,0.0
2023-02-03,93.0,1077.15,23606.0,6.21,2300882.0,0.45,4136.48,0.0
2023-02-06,96.0,1089.29,23611.0,6.05,2300882.0,0.45,4111.08,0.0
2023-02-07,92.0,1065.84,23621.0,3.49,2300882.0,0.45,4164.0,0.0
2023-02-08,94.2,1072.22,23624.0,5.72,2300882.0,0.45,4117.86,0.0
2023-02-09,93.0,1064.03,23265.38,5.39,2300882.0,0.45,4081.5,0.0
2023-02-10,94.5,1055.3,23626.0,4.91,2300882.0,0.45,4090.46,0.0
2023-02-13,93.5,1043.7,23628.0,4.55,2300882.0,0.45,4137.29,0.0
2023-02-14,92.5,1038.64,23630.0,4.05,2300882.0,0.45,4136.13,0.0
2023-02-15,93.0,1048.2,23631.0,2.64,2300882.0,0.45,4147.6,0.0
2023-02-16,92.4,1058.29,23636.0,4.71,2300882.0,0.45,4090.41,0.0
2023-02-17,93.0,1059.31,23639.0,2.64,2300882.0,0.45,4079.09,0.0
2023-02-20,93.8,1086.69,23646.0,4.54,2300882.0,0.45,3880.32,0.0
2023-02-21,94.2,1082.23,23264.74,4.81,2300882.0,0.45,3997.34,0.0
2023-02-22,93.0,1054.28,23641.0,6.11,2300882.0,0.45,3991.05,0.0
2023-02-23,93.3,1053.66,23641.0,6.15,2300882.0,0.45,4012.32,0.0
2023-02-24,93.5,1039.56,23642.0,6.06,2300882.0,0.45,3970.04,0.0
2023-02-27,92.8,1021.25,23642.0,5.77,2300882.0,0.45,3982.24,0.0
2023-02-28,93.5,1024.68,23644.0,5.24,2300882.0,0.45,3970.15,0.0
2023-03-01,93.0,1040.55,23643.0,5.97,2300882.0,-0.23,3951.39,0.0
2023-03-02,93.2,1037.61,23638.0,6.38,2300882.0,-0.23,3981.35,0.0
2023-03-03,90.9,1024.77,23637.0,6.4,2300882.0,-0.23,4045.64,0.0
2023-03-06,91.0,1027.18,23636.0,6.22,2300882.0,-0.23,4048.42,0.0
2023-03-07,91.9,1037.84,23633.0,6.07,2300882.0,-0.23,3986.37,0.0
2023-03-08,92.2,1049.18,23632.0,5.98,2300882.0,-0.23,3992.01,0.0
2023-03-09,93.0,1055.95,23640.0,6.22,2300882.0,-0.23,3918.32,0.0
2023-03-10,92.1,1053.0,23639.0,6.22,2300882.0,-0.23,3861.59,0.0
2023-03-13,91.5,1052.8,23638.0,6.17,2300882.0,-0.23,3855.76,0.0
2023-03-14,91.0,1040.13,23618.0,5.72,2300882.0,-0.23,3920.56,0.0
2023-03-15,91.4,1062.19,23619.0,5.06,2300882.0,-0.23,3891.93,0.0
2023-03-16,91.0,1047.4,23622.0,4.14,2300882.0,-0.23,3960.28,0.0
2023-03-17,89.0,1045.14,23620.0,3.4,2300882.0,-0.23,3916.64,0.0
2023-03-20,85.1,1023.1,23619.0,2.7,2300882.0,-0.23,3951.57,0.0
2023-03-21,86.5,1032.43,23617.0,2.05,2300882.0,-0.23,4002.87,0.0
2023-03-22,89.0,1040.54,23617.0,1.55,2300882.0,-0.23,3936.97,0.0
2023-03-23,90.7,1045.1,23615.0,1.34,2300882.0,-0.23,3948.72,0.0
2023-03-24,89.0,1046.79,23600.0,1.14,2300882.0,-0.23,3970.99,0.0
2023-03-27,91.0,1052.25,23602.0,1.06,2300882.0,-0.23,3977.53,0.0
2023-03-28,91.8,1054.29,23605.0,0.98,2300882.0,-0.23,3971.27,0.0
2023-03-29,92.3,1056.33,23603.0,1.33,2300882.0,-0.23,4027.81,0.0
2023-03-30,92.7,1059.44,23603.0,0.9,2300882.0,-0.23,4050.83,0.0
2023-03-31,91.4,1064.64,23288.63,1.12,2300882.0,-0.23,4109.31,0.0
2023-04-03,92.8,1079.28,23600.0,2.12,2444649.0,-0.34,4124.51,0.0624834302671758
2023-04-04,92.0,1078.45,23602.0,2.48,2444649.0,-0.34,4100.6,0.0
2023-04-05,92.1,1080.86,23602.0,3.41,2444649.0,-0.34,4090.38,0.0
2023-04-06,91.2,1070.91,23601.0,2.03,2444649.0,-0.34,4105.02,0.0
2023-04-07,90.0,1069.71,23603.0,5.06,2444649.0,-0.34,3868.12,0.0
2023-04-10,89.0,1065.35,23600.0,5.19,2444649.0,-0.34,4109.11,0.0
2023-04-11,88.2,1069.46,23606.0,5.22,2444649.0,-0.34,4108.94,0.0
2023-04-12,88.3,1069.45,23608.0,5.32,2444649.0,-0.34,4091.95,0.0
2023-04-13,88.2,1064.3,23606.0,5.49,2444649.0,-0.34,4146.22,0.0
2023-04-14,88.4,1052.89,23588.0,2.53,2444649.0,-0.34,4137.64,0.0
2023-04-17,88.4,1053.81,23577.0,5.52,2444649.0,-0.34,4151.32,0.0
2023-04-18,88.0,1055.02,23615.0,5.3,2444649.0,-0.34,4154.87,0.0
2023-04-19,88.5,1048.98,23626.0,4.48,2444649.0,-0.34,4154.52,0.0
2023-04-20,88.3,1049.25,23642.0,3.78,2444649.0,-0.34,4129.79,0.0
2023-04-21,87.5,1042.91,23634.0,3.29,2444649.0,-0.34,4133.52,0.0
2023-04-24,87.9,1041.36,23636.0,3.84,2444649.0,-0.34,4137.04,0.0
2023-04-25,88.3,1034.85,23638.0,6.26,2444649.0,-0.34,4071.63,0.0
2023-04-26,89.4,1040.8,23645.0,4.82,2444649.0,-0.34,4055.99,0.0
2023-04-27,90.0,1039.63,23639.0,4.12,2444649.0,-0.34,4135.35,0.0
2023-04-28,90.5,1049.12,23639.0,4.12,2444649.0,-0.34,4169.48,0.0
2023-05-04,88.5,1040.61,23635.0,5.0,2444649.0,0.01,4061.22,0.0
2023-05-05,89.8,1040.31,23622.0,5.05,2444649.0,0.01,4136.25,0.0
2023-05-08,93.0,1053.44,23618.0,2.41,2444649.0,0.01,4138.12,0.0
2023-05-09,92.3,1053.77,23621.0,5.07,2444649.0,0.01,4119.17,0.0
2023-05-10,92.0,1058.26,23630.0,4.84,2444649.0,0.01,4137.64,0.0
2023-05-11,91.0,1057.12,23632.0,4.83,2444649.0,0.01,4130.62,0.0
2023-05-12,92.8,1066.9,23640.0,4.88,2444649.0,0.01,4124.08,0.0
2023-05-15,91.7,1065.71,23652.0,4.92,2444649.0,0.01,4136.28,0.0
2023-05-16,92.6,1065.91,23652.0,4.94,2444649.0,0.01,4109.9,0.0
2023-05-17,92.8,1060.44,23656.0,2.13,2444649.0,0.01,4158.77,0.0
2023-05-18,95.0,1068.31,23672.0,4.64,2444649.0,0.01,4198.05,0.0
2023-05-19,94.2,1067.07,23680.0,4.49,2444649.0,0.01,4191.98,0.0
2023-05-22,93.1,1070.64,23684.0,1.52,2444649.0,0.01,4192.63,0.0
2023-05-23,92.8,1065.85,23670.0,4.42,2444649.0,0.01,4145.58,0.0
2023-05-24,92.6,1061.79,23254.72,1.52,2444649.0,0.01,4115.24,0.0
2023-05-25,93.2,1064.63,23696.0,4.14,2444649.0,0.01,4151.28,0.0
2023-05-26,92.0,1063.76,23254.72,4.07,2444649.0,0.01,4205.45,0.0
2023-05-29,93.1,1074.98,23712.0,3.96,2444649.0,0.01,3896.4,0.0
2023-05-30,94.5,1078.05,23714.0,3.77,2444649.0,0.01,4205.52,0.0
2023-05-31,94.0,1075.17,23714.0,1.41,2444649.0,0.01,4179.83,0.0
2023-06-01,93.9,1078.39,23729.0,4.07,2444649.0,0.27,4221.02,0.0
2023-06-02,94.9,1090.84,23722.0,4.02,2444649.0,0.27,4282.37,0.0
2023-06-05,98.0,1097.82,23693.0,3.92,2444649.0,0.27,4273.79,0.0
2023-06-06,99.0,1108.31,23261.26,3.75,2444649.0,0.27,4283.85,0.0
2023-06-07,97.0,1109.54,23713.0,3.51,2444649.0,0.27,4267.52,0.0
2023-06-08,100.0,1101.32,23714.0,3.1,2444649.0,0.27,4293.93,0.0
2023-06-09,100.5,1107.53,23717.0,2.69,2444649.0,0.27,4298.86,0.0
2023-06-12,101.0,1116.02,23700.0,2.4,2444649.0,0.27,4338.93,0.0
2023-06-13,102.5,1122.46,23699.0,2.02,2444649.0,0.27,4369.01,0.0
2023-06-14,102.6,1117.42,23700.0,1.65,2444649.0,0.27,4372.59,0.0
2023-06-15,103.5,1116.97,23704.0,1.3,2444649.0,0.27,4425.84,0.0
2023-06-16,105.0,1115.22,23711.0,0.94,2444649.0,0.27,4409.59,0.0
2023-06-19,101.7,1105.4,23697.0,0.73,2444649.0,0.27,3860.83,0.0
2023-06-20,99.9,1111.72,23718.0,0.55,2444649.0,0.27,4388.71,0.0
2023-06-21,100.0,1118.46,23727.0,0.55,2444649.0,0.27,4365.69,0.0
2023-06-22,100.4,1125.3,23732.0,0.91,2444649.0,0.27,4381.89,0.0
2023-06-23,99.9,1129.38,23732.0,1.08,2444649.0,0.27,4348.33,0.0
2023-06-26,100.0,1132.03,23755.0,0.66,2444649.0,0.27,4328.82,0.0
2023-06-27,100.0,1134.33,23761.0,0.89,2444649.0,0.27,4378.41,0.0
2023-06-28,101.1,1138.35,23298.74,0.69,2444649.0,0.27,4376.86,0.0
2023-06-29,101.9,1125.39,23783.0,0.39,2444649.0,0.27,4396.44,0.0
2023-06-30,100.0,1120.18,23800.0,0.66,2444649.0,0.27,4450.38,0.0
